username	firstname	lastname
LarryBrandon	Larry	Brandon
JoshuaKenneth	Joshua	Kenneth
RussellSean	Russell	Sean
MarkEthan	Mark	Ethan
StevenWillie	Steven	Willie
PaulScott	Paul	Scott
JohnElijah	John	Elijah
AlbertElijah	Albert	Elijah
JonathanJoe	Jonathan	Joe
DennisBenjamin	Dennis	Benjamin
GaryKyle	Gary	Kyle
JesseRussell	Jesse	Russell
JustinKevin	Justin	Kevin
JasonWalter	Jason	Walter
JesseRonald	Jesse	Ronald
WalterPaul	Walter	Paul
AlexanderTimothy	Alexander	Timothy
ArthurArthur	Arthur	Arthur
PeterSean	Peter	Sean
StevenZachary	Steven	Zachary
NathanFrank	Nathan	Frank
EdwardRyan	Edward	Ryan
MichaelRoger	Michael	Roger
PaulScott	Paul	Scott
WalterChristian	Walter	Christian
GaryPatrick	Gary	Patrick
JoshuaAlbert	Joshua	Albert
TimothyScott	Timothy	Scott
ZacharyDennis	Zachary	Dennis
TerryFrank	Terry	Frank
KennethEric	Kenneth	Eric
GeorgeAaron	George	Aaron
ScottJames	Scott	James
WillieRichard	Willie	Richard
HaroldRandy	Harold	Randy
RobertLawrence	Robert	Lawrence
KevinBenjamin	Kevin	Benjamin
WalterMatthew	Walter	Matthew
LarryBrandon	Larry	Brandon
KennethJonathan	Kenneth	Jonathan
JeffreyJeremy	Jeffrey	Jeremy
VincentWalter	Vincent	Walter
MasonAdam	Mason	Adam
HaroldDonald	Harold	Donald
GabrielAdam	Gabriel	Adam
RogerBryan	Roger	Bryan
WayneArthur	Wayne	Arthur
ChristianJacob	Christian	Jacob
GabrielJose	Gabriel	Jose
NicholasRyan	Nicholas	Ryan
